{
    "camera_matrix": [
        [
            1414.85866629561,
            0.0,
            942.5583455177645
        ],
        [
            0.0,
            1428.9486155283043,
            416.96386694593195
        ],
        [
            0.0,
            0.0,
            1.0
        ]
    ],
    "distortion_coefficients": [
        [
            -0.4190457704190374,
            0.21488267681970216,
            0.011758662215838545,
            0.002450222331224788,
            -0.07471199260692032
        ]
    ]
}